area,population_2000,population_2007,population_2010,population_2015,population_2020,population_2024,land_area_sq_km,density_2000,density_2007,density_2010,density_2015,density_2020,density_2024
Philippines,76485088,88546087,92335113,100979303,109033245,112729484,300000.0,254.95029333333332,295.1536233333333,307.78371,336.59767666666664,363.44415,…
National Capital Region (NCR),9932560,11547959,11855975,12877253,13484462,14001751,619.5400000000001,16032.152887626302,18639.569680730863,19136.73854795493,20785.184168899505,21765.280692126413,…
City of Manila,1581082,1660714,1652171,1780148,1846513,1902590,24.98,63293.915132105685,66481.74539631706,66139.75180144115,71262.93034427542,73919.65572457966,…
City of Mandaluyong,278474,305576,328699,386276,425758,465902,9.29,29975.672766415504,32893.003229278795,35382.02368137783,41579.763186221746,45829.70936490851,…
City of Marikina,391170,424610,424150,450741,456059,471323,21.52,18177.044609665427,19730.947955390337,19709.57249070632,20945.21375464684,21192.332713754648,…
City of Pasig,505058,627445,669773,755300,803159,853050,48.46,10422.162608336772,12947.688815517953,13821.151465125877,15586.050350804788,16573.648369789516,…
Quezon City,2173831,2679450,2761720,2936116,2960048,3084270,171.71,12659.897501601537,15604.507600023295,16083.629375109194,17099.27202842001,17238.646555238483,…
City of San Juan,117680,125338,121430,122180,126347,134312,5.95,19778.1512605042,21065.210084033613,20408.40336134454,20534.453781512606,21234.789915966387,…
City of Caloocan,1177604,1381610,1489040,1583978,1661584,1712945,55.8,21104.014336917564,24760.03584229391,26685.304659498208,28386.702508960574,29777.491039426524,…
City of Malabon,338855,363681,353337,365525,380522,389929,15.71,21569.382558879694,23149.649904519414,22491.21578612349,23267.02737110121,24221.642266072566,…
City of Navotas,230403,245344,249131,249463,247543,252878,8.94,25772.14765100671,27443.400447427295,27867.00223713647,27904.138702460852,27689.37360178971,…
City of Valenzuela,485433,568928,575356,620422,714978,725173,47.02,10323.968524032325,12099.702254359847,12236.410038281581,13194.853253934494,15205.82730752871,…
City of Las Piñas,472780,532330,552573,588894,606293,615549,32.69,14462.52676659529,16284.184765983482,16903.426124197,18014.499847048028,18546.742122973388,…
City of Makati,471379,548983,529039,582602,629616,309770,21.57,21853.453871117294,25451.22855818266,24526.6110338433,27009.828465461287,29189.4297635605,…
City of Muntinlupa,379310,452943,459941,504509,543445,552225,39.75,9542.389937106918,11394.792452830188,11570.842767295597,12692.050314465409,13671.572327044025,…
City of Parañaque,449811,552660,588126,665822,689992,703245,46.57,9658.814687567103,11867.296542838738,12628.859780974877,14297.229976379644,14816.233626798368,…
Pasay City,354908,403064,392869,416522,440656,453186,13.97,25405.0107372942,28852.1116678597,28122.33357193987,29815.46170365068,31543.020758768787,…
Pateros,57407,61940,64147,63840,65227,67319,10.4,5519.903846153846,5955.7692307692305,6167.980769230769,6138.461538461538,6271.826923076923,…
Taguig City,467375,613343,644473,804915,886722,1308085,45.21,10337.867728378676,13566.533952665339,14255.098429550984,17803.91506303915,19613.404114134042,…
Cordillera Administrative Region (CAR),1365412,1520847,1616867,1722006,1797660,1808985,19818.12,68.89715068835994,76.74022561171292,81.58528659630682,86.89048204370546,90.70789762096506,…
Abra,209491,230953,234733,241160,250985,246948,4199.72,49.88213499947615,54.99247568885544,55.89253569285571,57.42287581076833,59.76231748783252,…
Apayao,97129,103633,112636,119184,124366,126587,4502.33,21.57305217520706,23.01763753434333,25.017268836358063,26.471626913176067,27.622586527420246,…
Benguet i,330129,372533,403944,446224,460683,473190,2769.08,119.21974085255754,134.53313013708524,145.87660883759227,161.14521790630823,166.36680774842188,…
City of Baguio,252386,301926,318676,345366,366358,368426,57.51,4388.558511563207,5249.973917579551,5541.227612589115,6005.320813771518,6370.335593809772,…
Ifugao,161623,180815,191078,202802,207498,208668,2618.01,61.73505830764588,69.06581716647376,72.98597025985386,77.46418080908781,79.25790963365303,…
Kalinga,174023,182326,201613,212680,229570,235391,3282.04,53.02281507842683,55.55264408721405,61.4291721002791,64.80116025398837,69.947349819015,…
Mountain Province,140631,148661,154187,154590,158200,149775,2389.43,58.85545925178809,62.21609337791859,64.52877883009756,64.6974383011848,66.20825887345518,…
Region I (Ilocos Region),4200478,4546789,4748372,5026128,5301139,5342453,12964.619999999999,323.9954584091165,350.70746385162084,366.2561648548126,387.6803176645363,408.8927403965562,…
Ilocos Norte,514241,547284,568017,593081,609588,618850,3418.75,150.4178427787934,160.08307129798902,166.14756855575868,173.47890310786107,178.3072760511883,…
Ilocos Sur,594206,633138,658587,689668,706009,709991,2596.0,228.89291217257318,243.88983050847457,253.69298921417567,265.6656394453005,271.96032357473035,…
La Union,657945,720972,741906,786653,822352,825072,1499.28,438.8406435088843,480.87882183448056,494.84152393148713,524.6871831812604,548.4979456805934,…
Pangasinan,2434086,2645395,2779862,2956726,3163190,3188540,5450.59,446.5729398101857,485.3410364749504,510.0112097956368,542.4598071034512,580.3390091714841,…
Region II (Cagayan Valley),2813159,3051487,3229163,3451410,3685744,3777608,29836.879999999997,94.2846235933516,102.27232203903358,108.22723421483748,115.67596880102747,123.52980606551357,…
Batanes,16467,15974,16604,17246,18831,18937,203.22,81.0304103926779,78.60446806416691,81.70455663812616,84.86369451825608,92.66312370829642,…
Cagayan,993580,1072571,1124773,1199320,1268603,1284676,9398.07,105.72170669084184,114.12673027547146,119.68127498518314,127.61343552452792,134.98548106153712,…
Isabela,1287575,1401495,1489645,1593566,1697050,1733048,13102.05,98.27278937265542,106.96761193858977,113.69556672429124,121.62722627375106,129.52553226403504,…
Nueva Vizcaya,366962,397837,421355,452287,497432,530106,4813.88,76.22998496015688,82.64373021346606,87.52918643588956,93.95477244966638,103.33286247268316,…
Quirino,148575,163610,176786,188991,203828,210841,2319.66,64.0503349628825,70.53188829397412,76.2120310735194,81.47357802436565,87.86977401860618,…
Region III (Central Luzon),8204742,9709177,10137737,11218177,12422172,12989074,21906.189999999995,374.5398903232375,443.21614119114287,462.77956139337795,512.1007806469314,567.0621865326651,…
Aurora,173797,187802,201233,214336,235750,240824,3133.4,55.46594753303121,59.93553328652582,64.22193144826706,68.40365098614923,75.23776089870428,…
Bataan,557659,662153,687482,760650,853373,891440,1372.98,406.16687788605805,482.2743230054334,500.7225159871229,554.0138967792684,621.54801963612,…
Bulacan,2234088,2822216,2924433,3292071,3708890,3876806,2783.69,802.5635038384303,1013.8399031501352,1050.5598683761482,1182.628453599359,1332.3645951955857,…
Nueva Ecija,1659883,1843853,1955373,2151461,2310134,2395816,5689.69,291.73522634800844,324.06914963732646,343.6695145078203,378.1332550631054,406.0210661740798,…
Pampanga i,1614942,1911951,2014019,2198110,2437709,2586446,2001.22,806.9787429667903,955.3927104466276,1006.3955986848023,1098.384985159053,1218.1114520142712,…
City of Angeles,267788,317398,326336,411634,462928,483452,63.37,4225.785071800537,5008.647625059177,5149.692283414865,6495.72352848351,7305.160170427647,…
Tarlac,1068783,1243449,1273240,1366027,1503456,1568162,3046.49,350.8243913487325,408.1579128767861,417.93670748960284,448.3937252378968,493.5043279314884,…
Zambales i,433542,493085,534443,590848,649615,681225,3630.35,119.42154337736031,135.82299227347227,147.21528227305907,162.75235170162657,178.94004710289641,…
City of Olongapo,194260,227270,221178,233040,260317,264903,185.0,1050.054054054054,1228.4864864864865,1195.5567567567568,1259.6756756756756,1407.118918918919,…
Region IV-A (CALABARZON),9320629,11757755,12609803,14414774,16195042,16933234,16576.26,562.2878140183612,709.3128968778242,760.7146002777466,869.6035173193471,977.002170574062,…
Batangas,1905348,2245869,2377395,2694335,2908494,2994795,3115.05,611.6588818799056,720.9736601338661,763.1964173929792,864.9411726938572,933.6909519911397,…
Cavite,2063161,2856765,3090691,3678301,4344829,4573884,1526.28,1351.7578688051997,1871.7175092381476,2024.982965117803,2409.977854653144,2846.6788531593156,…
Laguna,1965872,2473530,2669847,3035081,3382193,3687345,1928.23,1019.5215301079228,1282.7982139060175,1384.6102384051694,1574.0243643133858,1754.0402337895375,…
Quezon i,1482955,1646510,1740638,1856582,1950459,1980338,8743.84,169.59996980731577,188.30513824589653,199.07020256546323,212.3302805174843,223.06663891379532,…
City of Lucena,196075,236390,246392,266248,278924,280331,80.21,2444.5206333374895,2947.1387607530237,3071.8364293728964,3319.386610148361,3477.4217678593695,…
Rizal,1707218,2298691,2484840,2884227,3330143,3416541,1182.65,1443.5530376696402,1943.6781803576712,2101.078087346214,2438.783241026508,2815.831395594639,…
MIMAROPA Region,2299229,2559791,2744671,2963360,3228558,3245446,29606.25,77.66025754697066,86.46116951657167,92.70579691788052,100.09237914291745,109.04987967067764,…
Marinduque,217392,229636,227828,234521,239207,226522,952.58,228.2139032942115,241.06741690986584,239.16941359255915,246.19559512061977,251.11486699279848,…
Occidental Mindoro,380250,421952,452971,487414,525354,511417,5851.09,64.9878911450687,72.11511017605267,77.41651555522134,83.30311104426697,89.7873729510228,…
Oriental Mindoro,681818,735769,785602,844059,908339,919504,4238.38,160.86759563795601,173.59675158905054,185.35430990142459,199.1466079020758,214.31277988287977,…
Palawan i,593500,682152,771667,849469,939594,968795,14649.73,40.5126920427885,46.564134629102384,52.6744861509393,57.985300752983164,64.13729126748412,…
City of Puerto Princesa,161912,210508,222673,255116,307079,316384,2381.02,68.00110876851097,88.41084913188466,93.52000403188549,107.14567706277141,128.96951726570964,…
Romblon,264357,279774,283930,292781,308985,302824,1533.45,172.39362222439595,182.44742247872443,185.1576510482898,190.92960318236655,201.49662525677394,…
Region V (Bicol Region),4686669,5106160,5420411,5796989,6082165,6064426,18114.47,258.72515177093226,281.88293667990285,299.23100151425905,320.01979632857046,335.76279074132447,…
Albay,1090907,1187185,1233432,1314826,1374768,1379398,2574.91,423.66801169749624,461.05883312426454,479.0194608743607,510.6298860931062,533.9091463390954,…
Camarines Norte,470654,513785,542915,583313,629699,604666,2277.93,206.61477745145814,225.54907306194661,238.33699894202195,256.0715210739575,276.4347455804173,…
Camarines Sur,1551549,1693821,1822371,1952544,2068244,2063314,5511.9,281.4907745060687,307.30256354433135,330.62482991345996,354.24155010069126,375.2324969611205,…
Catanduanes,215356,232757,246300,260964,271879,261169,1492.16,144.32500536135535,155.98662341840017,165.0627278576024,174.89009221531202,182.20499142183144,…
Masbate,707668,768939,834650,892393,908920,910813,4138.56,170.9937756127735,185.79868360009277,201.67642851619885,215.62886607902263,219.62228407948658,…
Sorsogon,650535,709673,740743,792949,828655,845066,2119.01,306.9994950472154,334.9078107229319,349.57031821463795,374.2072949160221,391.05761652847315,…
Region VI (Western Visayas),6211038,6843643,7102438,7536383,7954723,4861911,20778.29,298.9195934795404,329.36507287173293,341.8201401559031,362.704678777705,382.83819313331367,…
Aklan,451314,495122,535725,574823,615475,634422,1760.3,256.38470715218995,281.27137419758,304.3373288643981,326.548315628018,349.6421064591263,…
Antique,472822,515265,546031,582012,612974,643173,2730.67,173.15237652297787,188.695448369814,199.96228031948203,213.13889997692874,224.47750918272806,…
Capiz,654156,701664,719685,761384,804952,835098,2594.64,252.11821293127372,270.4282675053187,277.3737397095551,293.4449480467425,310.23648752813494,…
Guimaras,141450,151238,162943,174613,187842,192874,611.87,231.17655711180478,247.1734191903509,266.30329972052886,285.3759785575367,306.9965842417507,…
Iloilo i,1559182,1691878,1805576,1936423,2051899,2082616,4997.64,311.98365628576687,338.535388703468,361.28572686307933,387.46748465275607,410.57359073482684,…
City of Iloilo,366391,418710,424619,447992,457626,473728,78.34,4676.933877967832,5344.779167730406,5420.206790911411,5718.560122542762,5841.536890477406,…
"Negros Occidental 1,i",2136647,2370269,2396039,2497261,2623172,…,7844.12,272.3883622382115,302.171435419142,305.4566987756434,318.3608868808738,334.4125281102278,…
City of Bacolod,429076,499497,511820,561875,600783,…,160.71,2669.877418953394,3108.0642150457343,3184.742704249891,3496.20434322693,3738.305021467239,…
Negros Island Region (NIR) 6,…,…,…,…,…,4904944,…,…,…,…,…,…,…
Region VII (Central Visayas),5706953,6400698,6800180,7396898,8081988,6640875,15872.580000000002,359.54791218566857,403.2550473836011,428.4231044984495,466.0173708370031,509.1792260615476,…
Bohol,1139130,1230110,1255128,1313560,1394329,1412726,4772.52,238.68522290110883,257.74852698364805,262.99062130698246,275.2340482596196,292.1578118059222,…
Cebu i,2160569,2440120,2619362,2938982,3325385,3400522,4943.72,437.03304394261806,493.57973348005146,529.8362366800709,594.4879564376623,672.6483295979546,…
City of Cebu,718821,799762,866171,922611,964169,965332,315.0,2281.9714285714285,2538.9269841269843,2749.7492063492064,2928.9238095238097,3060.853968253968,…
City of Lapu-Lapu (Opon),217019,292530,350467,408112,497604,497813,58.1,3735.2667814113597,5034.939759036144,6032.134251290878,7024.302925989673,8564.612736660929,…
City of Mandaue,259728,318577,331320,362654,364116,364482,25.18,10314.853057982526,12651.98570293884,13158.061953931692,14402.462271644163,14460.524225575855,…
Negros Oriental 1,1130088,1231904,1286666,1354995,1432990,…,5420.57,208.48139586796225,227.26466035859698,237.36728794204302,249.9727888395501,264.36149703813436,…
Siquijor,81598,87695,91066,95984,103395,…,337.49,241.7790156745385,259.8447361403301,269.8331802423775,284.405463865596,306.36463302616374,…
Region VIII (Eastern Visayas),3610355,3915140,4101322,4440150,4547150,4625929,23234.78,155.38580524541229,168.50342460742044,176.51649811188227,191.09929166533965,195.70445685304531,…
Biliran,140274,150031,161760,171612,179312,184095,536.01,261.7003414115408,279.9033600119401,301.78541445122295,320.1656685509599,334.53107218148915,…
Eastern Samar,375822,405114,428877,467160,477168,472683,4617.16,81.39678936835631,87.74094898162507,92.88761922913653,101.17907978064439,103.34664599017579,…
Leyte i,1413697,1506096,1567984,1724679,1776847,1823458,6335.44,223.14109201570847,237.72555655171544,247.49409670046597,272.2271854835655,280.4614991223972,…
City of Tacloban,178639,218144,221174,242089,251881,259353,201.72,885.5790204243506,1081.419789807654,1096.4406107475709,1200.123934166171,1248.6664683720007,…
Northern Samar,500639,549759,589013,632379,639186,645789,3694.96,135.49240045900362,148.78618442418863,159.40984476151297,171.1463723558577,172.9886115140624,…
Samar (Western Samar),641124,695149,733377,780481,793183,806179,6048.03,106.00542656038412,114.93808727800624,121.25882312091706,129.04714427673144,131.14733227183066,…
Southern Leyte,360160,390847,399137,421750,429573,434372,1801.46,199.92672609994116,216.9612425477113,221.5630655135279,234.11566174103226,238.45825053012555,…
Region IX (Zamboanga Peninsula),2831412,3230094,3407353,3629783,3875576,3943837,16904.03,167.49922947368174,191.08425623948847,201.57045390951154,214.72885459857798,229.26935174629958,…
Zamboanga del Norte,823130,907238,957997,1011393,1047455,1067067,7300.11,112.75583518604515,124.27730541046643,131.23048830771043,138.54489863851367,143.48482420127917,…
Zamboanga del Sur i,836217,914278,959685,1010674,1050668,1045126,4484.21,186.48033878877214,203.88831031552937,214.0142856824279,225.3850734020039,234.3039242140756,…
City of Zamboanga,601794,774407,807129,861799,977234,1018849,1414.7,425.38630098254043,547.4001555100022,570.530147734502,609.1743832614688,690.7711882377889,…
Zamboanga Sibugay,497239,546186,584685,633129,669840,661498,3481.28,142.83223412078314,156.89229249011856,167.95115589668168,181.86672718080706,192.41198639580844,…
City of Isabela,73032,87985,97857,112788,130379,151297,223.73,326.4291780270862,393.26420238680555,437.38881687748625,504.12550842533415,582.751530863094,…
Region X (Northern Mindanao),3505708,3952437,4297323,4689302,5022768,5178326,20458.510000000002,171.3569561028638,193.1928082739163,210.05063418596953,229.21033838730187,245.5099613803742,…
Bukidnon,1060415,1190284,1299192,1415226,1541308,1601902,10498.59,101.00546835336935,113.37560567657181,123.74918917683232,134.8015304912374,146.81095270888758,…
Camiguin,74232,81293,83807,88478,92808,94892,241.44,307.455268389662,336.70062955599735,347.11315440689197,366.4595758780649,384.39363817097416,…
Lanao del Norte i,473062,538283,607917,676395,722902,761725,3354.16,141.03739833520166,160.48220716960432,181.24269563765594,201.65853745796267,215.52400601044673,…
City of Iligan,285061,308046,322821,342618,363115,368132,813.37,350.4690362319731,378.7280081635664,396.893172848765,421.2326493477753,446.4327427861859,…
Misamis Occidental,486723,531680,567642,602126,617333,621993,2006.63,242.55742214558737,264.96165212321154,282.8832420525956,300.06827367277475,307.6466513507722,…
Misamis Oriental i,664338,748885,813856,888509,956900,988065,3131.52,212.14553954629062,239.1442494379726,259.8916819946863,283.7309038422236,305.5704577968526,…
City of Cagayan De Oro,461877,553966,602088,675950,728402,741617,412.8,1118.8880813953488,1341.971899224806,1458.546511627907,1637.4757751937984,1764.5397286821706,…
Region XI (Davao Region),3676163,4159469,4468563,4893318,5243536,5389422,20433.38,179.90968699255825,203.56245515915623,218.68937004059043,239.47667982487476,256.61618391083607,…
Davao De Oro (Compostela Valley) 2,580244,637366,687195,736107,767547,783775,4560.09,127.24397983373134,139.77048698600245,150.69768359835004,161.4237876884009,168.31838845285947,…
Davao del Norte,743811,847440,945764,1016332,1125057,1143931,3422.61,217.3227449227344,247.60051539614503,276.32829916350386,296.9464823628751,328.71317503308876,…
Davao del Sur i,504289,549836,574910,632588,680481,705129,2163.98,233.0377360234383,254.08552759267644,265.6725108365142,292.32617676688324,314.45808186766976,…
City of Davao,1147116,1366153,1449296,1632991,1776949,1848947,2443.61,469.4349753029329,559.0716194482752,593.096279684565,668.2698957689647,727.18191528108,…
Davao Occidental,254512,272570,293780,316342,317159,317598,2163.45,117.64172964478034,125.98858305022073,135.7923686704107,146.22108206799325,146.59871963761586,…
Davao Oriental,446191,486104,517618,558958,576343,590042,5679.64,78.5597326591122,85.5871146762823,91.13570578416942,98.41433611989491,101.47526955933826,…
Region XII (SOCCSKSARGEN),3222169,3830500,4109571,4545276,4901486,4462776,22786.08,141.40953599741596,168.1070197243229,180.35445324513913,199.47599587116343,215.10878571478725,…
Cotabato (North Cotabato),958643,1121974,1226508,1379747,1490618,1286142,9317.3,102.88849774076182,120.41836154250696,131.63770620244063,148.08442359911135,159.9839009155013,…
Sarangani,410622,475514,498904,544261,558946,580915,3642.16,112.74134030355614,130.55824016517673,136.98025347595933,149.4335778768643,153.4655259516331,…
South Cotabato i,690728,767255,827200,915289,975476,1010009,3793.9,182.06278499696882,202.23384907351274,218.0342128153088,241.2528005482485,257.11695089485755,…
City of General Santos (Dadiangas),411822,529542,538086,594446,697315,722059,492.86,835.5760256462281,1074.426814917015,1091.7623665949761,1206.1153268676703,1414.833827050278,…
Sultan Kudarat,586505,677062,747087,812095,854052,863651,5363.86,109.34383074875184,126.22663529622325,139.2815994451757,151.40122971143916,159.22339509234024,…
City of Cotabato,163849,259153,271786,299438,325079,…,176.0,930.9602272727273,1472.4602272727273,1544.2386363636363,1701.3522727272727,1847.0397727272727,…
Region XIII (Caraga),2095367,2293346,2429224,2596709,2804788,2865196,21120.56,99.20982208805069,108.58357922327816,115.01702606370284,122.94697678470646,132.79894093717212,…
Agusan del Norte i,285570,309338,332487,354503,387503,404100,2611.63,109.34550453165264,118.44633428165551,127.3101473026424,135.74013164192476,148.37591848768776,…
City of Butuan,267279,298378,309709,337063,372910,385530,816.62,327.29911096960643,365.38169528054664,379.25718204305554,412.7537900124905,456.65058411501064,…
Agusan del Sur,559294,609447,656418,700653,739367,740531,9989.52,55.98807550312728,61.0086370516301,65.71066477668596,70.1388054681306,74.01426695176545,…
Dinagat Islands,106951,120813,126803,127152,128117,120533,817.47,130.8317124787454,147.78890968475906,155.11639570871102,155.54332269074095,156.7237941453509,…
Surigao del Norte,374465,409468,442588,485088,534636,565644,1952.62,191.77566551607586,209.70183650684723,226.6636621564872,248.42928987719066,273.8044268726122,…
Surigao del Sur,501808,545902,561219,592250,642255,648858,4932.7,101.73089788553936,110.67001844831431,113.77521438563059,120.06608956555233,130.2035396436029,…
Bangsamoro Autonomous Region in Muslim Mindanao (BARMM) 3,2803045,4120795,3256140,3781387,4404288,5691583,36650.95,76.47946369739394,112.43351127324122,88.84189905036568,103.17296004605612,120.16845402370198,…
Basilan (excluding City of Isabela),259796,408520,293322,346579,426207,541947,3453.42,75.22861395370386,118.2943285207128,84.93667147349584,100.35819564373867,123.4159181333287,…
Lanao del Sur,800162,1138544,933260,1045429,1195518,1368137,15055.51,53.14745232808453,75.6230775310833,61.987936642465115,69.4382986693908,79.40733990412812,…
Maguindanao (excluding Cotabato City),801102,1273715,944718,1173933,1342179,…,9968.31,80.36487629297244,127.77642348602723,94.77213288912564,117.76650204498056,134.64458870159535,…
Sulu,619668,849670,718290,824731,1000108,1146097,4547.16,136.27582930884333,186.85729114436265,157.9645317077033,181.3727689370948,219.9412380474846,…
Tawi-Tawi,322317,450346,366550,390715,440276,482645,3626.55,88.87703188981263,124.18028153479202,101.07402352097724,107.73738125766913,121.40353779763136,…
