year,profession,Philippines,NCR a,CAR,I b,II b,III b,IV-A,MIMA-ROPA,V b,VI,VII,VIII b,IX b,X,XI,XII b,Caraga,BARMM
2013,Doctors,2927,632,87,162,111,316,283,91,166,254,223,159,80,85,89,119,0,70
2013,Dentists,1823,507,28,102,74,185,218,55,82,122,115,103,43,48,61,55,0,25
2013,Nurses,5632,866,190,230,233,570,621,154,264,456,529,250,210,289,165,452,0,153
2013,Midwives,16875,1166,667,960,867,1678,1939,577,1004,1764,1564,963,574,1059,725,843,0,525
2014,Doctors,3002,632,94,162,109,299,235,86,173,250,257,161,92,101,81,118,82,70
2014,Dentists,1788,509,28,108,71,178,167,55,74,125,118,88,43,50,53,60,36,25
2014,Nurses,6061,866,227,295,239,585,580,165,271,465,620,290,234,286,126,531,128,153
2014,Midwives,17151,1208,689,994,839,1638,1489,592,1048,1740,1577,913,671,901,735,981,611,525
2015,Doctors,3182,701,101,172,101,336,265,81,166,251,274,167,97,101,79,119,86,85
2015,Dentists,1922,616,32,112,62,196,199,52,95,130,69,83,39,50,57,53,31,46
2015,Nurses,6520,1009,280,285,204,648,738,164,288,443,649,555,159,286,141,387,158,126
2015,Midwives,17649,1230,672,1036,795,1849,1814,546,1046,1729,1747,987,528,901,693,979,497,600
2016,Doctors,3177,718,102,169,105,304,264,131,162,262,233,159,89,127,78,121,86,67
2016,Dentists,1953,597,32,103,61,180,205,57,81,143,121,78,41,60,58,52,59,25
2016,Nurses,6009,1103,331,329,230,600,784,233,287,465,385,219,144,215,147,289,152,96
2016,Midwives,17200,1248,716,1030,813,1652,2016,623,1002,1719,1481,848,483,982,669,885,628,405
2017,Doctors,3204,642,98,173,100,358,350,88,165,267,211,166,94,132,94,120,68,78
2017,Dentists,1988,501,29,94,64,209,232,52,126,140,126,94,51,71,76,52,26,45
2017,Nurses,6156,1014,323,408,253,538,745,161,324,595,444,224,198,281,146,250,99,153
2017,Midwives,17339,1193,640,1072,801,1883,1728,625,1000,1724,1529,845,646,1046,720,920,413,554
2018,Doctors,3131,657,93,187,103,306,314,90,149,263,248,164,93,122,78,121,67,76
2018,Dentists,1875,515,29,119,60,177,190,54,95,139,135,81,41,66,61,51,17,45
2018,Nurses,5975,1013,161,434,227,561,715,201,336,439,504,286,209,216,152,286,99,136
2018,Midwives,17112,1217,683,1191,842,1518,1697,585,1006,1656,1700,922,662,970,670,838,413,542
2019,Doctors,3001,660,94,187,116,299,234,37,118,296,253,182,113,40,85,122,88,77
2019,Dentists,1772,525,39,117,66,165,163,14,69,145,138,116,26,17,69,56,45,2
2019,Nurses,15111,1042,673,422,1339,544,633,163,756,1083,1830,2042,1078,126,960,1279,1031,110
2019,Midwives,17884,1175,805,1191,1083,1458,1285,268,813,1890,1918,1242,991,353,948,1273,772,419
2020,Doctors,3351,759,110,51,132,296,286,114,177,315,197,184,113,175,97,152,93,100
2020,Dentists,1909,667,41,27,71,169,178,53,91,138,88,98,26,67,66,55,51,23
2020,Nurses,20946,1520,795,333,1214,958,2124,409,1609,1241,1608,1961,1078,1371,969,1425,950,1381
2020,Midwives,20562,1272,808,237,1166,1479,1733,679,1454,2011,1330,1314,991,1846,959,1334,724,1225
2021,Doctors,4046,1053,118,204,158,316,335,280,179,330,268,186,113,162,97,60,93,94
2021,Dentists,1993,598,32,112,90,185,222,91,82,123,117,98,33,56,66,26,51,11
2021,Nurses,22713,2044,767,1387,1463,1320,2397,922,1545,1243,1635,1873,1112,937,969,638,950,1511
2021,Midwives,21561,1309,814,1180,1176,1478,1901,899,1319,2015,1719,1075,867,1155,959,683,724,2288
2022,Doctors,4289,923,109,224,150,359,455,134,172,388,309,205,108,192,134,197,108,122
2022,Dentists,1936,571,40,84,65,192,188,56,81,137,109,76,33,62,76,49,55,62
2022,Nurses,22719,2002,652,1173,1178,1964,2244,641,1542,1471,1745,1806,916,1241,888,1337,1141,778
2022,Midwives,21990,1268,877,1154,1186,1767,1784,864,1417,2111,1790,1402,816,1400,844,1437,729,1144
2023,Doctors,4416,971,115,222,182,400,448,176,195,391,312,203,100,168,134,184,113,102
2023,Dentists,1889,565,55,91,60,194,206,61,78,129,104,55,39,47,76,45,49,35
2023,Nurses,19042,1747,727,929,741,1601,2082,694,1448,1275,1288,1088,882,835,888,831,992,994
2023,Midwives,22394,1260,887,1445,1130,1831,1937,980,1393,2166,1708,1382,925,1037,844,1378,819,1272
