year,Philippines,NCR,CAR,I,II,III,IV-A,MIMA-ROPA,V,VI,VII,VIII,IX,X,XI,XII,Caraga,BARMM
2006,16191,20,564,978,939,1866,2112,686,1115,1604,1381,813,642,949,656,911,547,408
2007,16219,19,580,1016,724,1811,2156,682,1107,1623,1479,835,661,948,656,943,582,397
2008,17018,12,599,992,1001,1795,2199,689,1123,1685,1622,883,698,1028,703,957,432,600
2009,9813,449,612,642,0,1773,2022,0,1103,1732,0,0,0,1035,0,0,0,445
2010,17297,456,639,807,1106,1901,2086,763,1134,1776,1658,809,681,1026,0,987,845,623
2011,18396,465,651,1018,1158,1948,2153,706,1145,1766,1742,819,699,1063,982,991,649,441
2012,18673,467,704,1021,1131,1907,2166,795,1134,1790,1764,819,711,1036,1053,1017,717,441
2013,18581,469,706,1217,1135,1897,2568,782,1183,1776,1751,865,651,1085,1026,1019,0,451
2014,21048,470,647,3267,1128,1923,2011,882,1164,1942,1779,865,612,1085,1009,1063,750,451
2015,19622,477,639,1160,1240,1969,2248,836,1158,2059,1877,831,702,1085,1023,1115,782,421
2016,20232,587,690,1256,1289,2007,2248,835,1198,2050,1787,820,679,1115,1061,1119,808,683
2017,20896,476,674,1268,1276,2212,2689,873,1285,1979,1845,831,768,1168,1001,1126,683,742
2018,21546,474,706,1379,1289,1916,2576,896,1435,2038,2241,842,770,1212,1115,1148,683,826
2019,21273,32,749,1378,1310,2021,2576,896,1797,1992,1953,849,768,1212,1100,1148,813,679
2020,20663,25,800,1385,1540,2069,1889,952,1797,2055,1267,836,768,1290,1173,1180,956,681
2021,21730,35,820,1438,1715,2069,2698,983,1949,2083,1861,838,575,1369,1173,437,956,731
2022,23614,34,817,1584,1531,2231,2811,958,2322,2118,2346,829,589,1448,984,1132,1090,790
2023,24327,31,1129,1622,1623,2212,2935,1178,2533,2166,2248,867,801,1156,917,1092,1075,742
