region,2020_total,2020_government,2020_private,2021_total,2021_government,2021_private,2022_total,2022_government,2022_private,2023_total,2023_government,2023_private,2024_total,2024_government,2024_private
Total Number of Hospitals,110136,49254,60882,109647,50433,59214,109671,50950,58721,113798,54864,58934,114623,56772,57851
NCR - National Capital Region,29713,17275,12438,29064,17275,11789,29015,17208,11807,29764,17737,12027,30203,18374,11829
Cordillera Administrative Region,2134,1440,694,2104,1410,694,2106,1398,708,1651,984,667,2357,1669,688
Region I - Ilocos Region,4396,2305,2091,4410,2305,2105,4433,2358,2075,4960,2805,2155,5257,2936,2321
Region II - Cagayan Valley,4102,2153,1949,4224,2274,1950,4190,2274,1916,4526,2264,2262,4091,2270,1821
Region III - Central Luzon,10611,3972,6639,11111,4392,6719,11244,4763,6481,11416,5262,6154,11950,5718,6232
Region IV-A  CALABARZON,13947,3427,10520,13632,3545,10087,13207,3390,9817,14099,3394,10705,13385,3520,9865
MIMAROPA Region,1596,880,716,1695,972,723,1588,947,641,1793,1047,746,1868,1022,846
Region V - Bicol Region,3684,1725,1959,3605,1725,1880,3625,1725,1900,4072,2125,1947,4261,2389,1872
Region VI - Western Visayas,6630,3177,3453,6554,3252,3302,6606,3350,3256,6288,3395,2893,6568,3520,3048
Region VII - Central Visayas,7207,2188,5019,7513,2401,5112,7738,2701,5037,8569,3651,4918,7869,2951,4918
Region VIII - Eastern Visayas,3400,1885,1515,3240,1805,1435,3286,1773,1513,3227,1711,1516,3187,1711,1476
Region IX - Zamboanga Peninsula,2892,1421,1471,2706,1267,1439,2666,1286,1380,2769,1532,1237,2734,1440,1294
Region X - Northern Mindanao,5737,2345,3392,5782,2464,3318,5782,2464,3318,6050,3143,2907,6119,3143,2976
Region XI - Davao Region,6175,2170,4005,6043,2195,3848,6102,2195,3907,6112,2281,3831,6080,2291,3789
Region XII - SOCCSKSARGEN,5290,1142,4148,5301,1352,3949,5412,1453,3959,5396,1559,3837,5398,1569,3829
Region XIII - Caraga,1603,905,698,1644,955,689,1653,955,698,1730,980,750,1895,1180,715
BARMM,1019,844,175,1019,844,175,1018,710,308,1376,994,382,1401,1069,332
